para_id,question,answer
e6c45229dc996b6ba2ecb9ddb251f77c5ee3f2de93cc1d9fbb4d72c0c21f1bf3,How do you remove and close the hood?,remove the support rod
e6c45229dc996b6ba2ecb9ddb251f77c5ee3f2de93cc1d9fbb4d72c0c21f1bf3,How do you remove a hood?,carefully removing the support rod from the hole in the hood
e6c45229dc996b6ba2ecb9ddb251f77c5ee3f2de93cc1d9fbb4d72c0c21f1bf3,How do you remove and close the hood of your car?,remove the support rod
e6c45229dc996b6ba2ecb9ddb251f77c5ee3f2de93cc1d9fbb4d72c0c21f1bf3,How do you remove and close the hood of a 2001 Toyota Corolla?,remove the support rod
e6c45229dc996b6ba2ecb9ddb251f77c5ee3f2de93cc1d9fbb4d72c0c21f1bf3,How do you remove and close the hood on a 2001 Toyota Corolla?,remove the support rod
b4844998c68c133740976be6045c9500839a4a905934c8cbbce76fa56d45f098,How to open the hood of a FragglesX700CRV 2026,
b4844998c68c133740976be6045c9500839a4a905934c8cbbce76fa56d45f098,How to open the hood on a FragglesX700CRV 2026,
b4844998c68c133740976be6045c9500839a4a905934c8cbbce76fa56d45f098,How to open the hood of a FragglesX700CRV,
b4844998c68c133740976be6045c9500839a4a905934c8cbbce76fa56d45f098,How do you open the hood on a FragglesX700CRV 2026?,"give it a ﬁrm push down at the center , just above the grill"
b4844998c68c133740976be6045c9500839a4a905934c8cbbce76fa56d45f098,How to open the hood of a Fraggles X700CRV 2026,
fc843f5ed9e92f0a42868ed7813e7c197902b5f2194f87342704a0298b8370a2,How do you open the hood of a car?,pull the handle ﬁrmly to release the initial lock and slightly raise the hood
fc843f5ed9e92f0a42868ed7813e7c197902b5f2194f87342704a0298b8370a2,How do you open the hood of your car?,pull the handle ﬁrmly to release the initial lock and slightly raise the hood
fc843f5ed9e92f0a42868ed7813e7c197902b5f2194f87342704a0298b8370a2,How to open the hood of a car?,pull the handle ﬁrmly to release the initial lock and slightly raise the hood
fc843f5ed9e92f0a42868ed7813e7c197902b5f2194f87342704a0298b8370a2,How do you open your hood?,pull the handle ﬁrmly to release the initial lock and slightly raise the hood
fc843f5ed9e92f0a42868ed7813e7c197902b5f2194f87342704a0298b8370a2,How do you open the hood of a vehicle?,pull the handle ﬁrmly to release the initial lock and slightly raise the hood
0c927bca6c80fe20d270cb43d62ea95099483181509007b30551f1542afd339c,Where is the support rod located on the underside of the hood?,the support rod is typically located on the underside of the hood or along the side of the engine bay
0c927bca6c80fe20d270cb43d62ea95099483181509007b30551f1542afd339c,Where is the support rod located on the underside of the engine bay?,hood
0c927bca6c80fe20d270cb43d62ea95099483181509007b30551f1542afd339c,Where is the support rod located on the engine bay?,along the side
0c927bca6c80fe20d270cb43d62ea95099483181509007b30551f1542afd339c,Where is the support rod located?,on the underside of the hood or along the side of the engine bay
0c927bca6c80fe20d270cb43d62ea95099483181509007b30551f1542afd339c,Where is the support rod located on a 2001 Ford Focus?,on the underside of the hood
2ebeb3f3146192481986f541ccae169047c3088148885b00327453b751ade4c0,FragglesX700CRV 2026 2 Wiper Arms,[SEP]
2ebeb3f3146192481986f541ccae169047c3088148885b00327453b751ade4c0,FragglesX700CRV 2026 2 Wiper Arms Warning,[SEP]
2ebeb3f3146192481986f541ccae169047c3088148885b00327453b751ade4c0,Fraggles X700CRV 2026 2 Wiper Arms,[SEP]
2ebeb3f3146192481986f541ccae169047c3088148885b00327453b751ade4c0,Fraggles X700CRV 2026 2 Wiper Arms Warning,[SEP]
2ebeb3f3146192481986f541ccae169047c3088148885b00327453b751ade4c0,FragglesX700CRV 2026 2 Wiper Arms Oil Check,[SEP]
9ae97424b32af16af58db0ab7eefb651c64b8582af6842d239dba0ab433cc03c,What should I know before opening the hood?,ensure they are returned to their normal resting position
9ae97424b32af16af58db0ab7eefb651c64b8582af6842d239dba0ab433cc03c,What should I know before opening the hood of my car?,"if the wipers are in a raised position , ensure they are returned to their normal resting position"
9ae97424b32af16af58db0ab7eefb651c64b8582af6842d239dba0ab433cc03c,What to do before opening the hood,ensure they are returned to their normal resting position
9ae97424b32af16af58db0ab7eefb651c64b8582af6842d239dba0ab433cc03c,What to do before opening the hood?,ensure they are returned to their normal resting position
9ae97424b32af16af58db0ab7eefb651c64b8582af6842d239dba0ab433cc03c,What to do before opening the hood of your car,ensure they are returned to their normal resting position
8d141c72b969399984c5d755cae9fbe7aa0a4333c61001851c9f118753f60a70,Viscosity and Recommended Oil for Your Vehicle,
8d141c72b969399984c5d755cae9fbe7aa0a4333c61001851c9f118753f60a70,Viscosity vs Recommended Oil for Your Vehicle,
8d141c72b969399984c5d755cae9fbe7aa0a4333c61001851c9f118753f60a70,Viscosity vs. Recommended Oil for Your Vehicle,
8d141c72b969399984c5d755cae9fbe7aa0a4333c61001851c9f118753f60a70,Viscosity & Recommended Oil for Your Vehicle,
8d141c72b969399984c5d755cae9fbe7aa0a4333c61001851c9f118753f60a70,Viscosity vs Recommended Oil for Your Vehicle?,
74ec910f01beb6318725ba82bc16507f007256324d7eef204dd22576da0003e2,FragglesX700CRV 2026 3 Steps for Checking Oil Level,park the vehicle on a level surface
74ec910f01beb6318725ba82bc16507f007256324d7eef204dd22576da0003e2,3 Steps for Checking Oil Level,park the vehicle on a level surface
74ec910f01beb6318725ba82bc16507f007256324d7eef204dd22576da0003e2,3 Steps for Checking Oil Level on a FragglesX700CRV 2026,park the vehicle on a level surface
74ec910f01beb6318725ba82bc16507f007256324d7eef204dd22576da0003e2,How to check oil level on FragglesX700CRV 2026,park the vehicle on a level surface
74ec910f01beb6318725ba82bc16507f007256324d7eef204dd22576da0003e2,How to check oil level on a FragglesX700CRV 2026,park the vehicle on a level surface
83c4d5fc9eb19b64efbfd8861201ea24fd1cc04a5d162b4a0948b764139093ae,How do you check the oil level on a dipstick?,pull the dipstick out once more and check the oil level
83c4d5fc9eb19b64efbfd8861201ea24fd1cc04a5d162b4a0948b764139093ae,How to check the oil level on a dipstick,pull the dipstick out once more and check the oil level
83c4d5fc9eb19b64efbfd8861201ea24fd1cc04a5d162b4a0948b764139093ae,How to check oil level on a dipstick,pull the dipstick out once more and check the oil level
83c4d5fc9eb19b64efbfd8861201ea24fd1cc04a5d162b4a0948b764139093ae,How to check the oil level on a dipstick?,pull the dipstick out once more and check the oil level
83c4d5fc9eb19b64efbfd8861201ea24fd1cc04a5d162b4a0948b764139093ae,How to check oil level on a dipstick?,pull the dipstick out once more and check the oil level
42389ef4fb704c383b1ed63183a81e66667f9f31129c35f9784e47b495d3857e,How to check oil level and add engine oil,
42389ef4fb704c383b1ed63183a81e66667f9f31129c35f9784e47b495d3857e,How to safely add engine oil to a car,"adding engine oil if your oil level is low , follow these steps to safely add the recommended oil"
42389ef4fb704c383b1ed63183a81e66667f9f31129c35f9784e47b495d3857e,How to check engine oil level,unscrew and remove the oil fill cap
42389ef4fb704c383b1ed63183a81e66667f9f31129c35f9784e47b495d3857e,How to check oil level and add engine oil safely,unscrew and remove the oil fill cap
42389ef4fb704c383b1ed63183a81e66667f9f31129c35f9784e47b495d3857e,How to check the oil level in your car,
ea6038e0585d423dac1e9d05b28ef4fe95a974b5c574b65733c7d7673266c501,How to properly add oil to a car,replace the oil fill cap
ea6038e0585d423dac1e9d05b28ef4fe95a974b5c574b65733c7d7673266c501,What to do after adding oil to a car,recheck the oil level
ea6038e0585d423dac1e9d05b28ef4fe95a974b5c574b65733c7d7673266c501,What to do after adding oil to a car?,recheck the oil level
ea6038e0585d423dac1e9d05b28ef4fe95a974b5c574b65733c7d7673266c501,How to add oil to a car,replace the oil fill cap
ea6038e0585d423dac1e9d05b28ef4fe95a974b5c574b65733c7d7673266c501,How to properly add oil to a Honda Accord?,replace the oil fill cap
933bb753c556206945f0407101856bbd55f3c66c3636282f1e70914a4e808565,Procedure for Changing Engine Oil and Oil Filter,.
933bb753c556206945f0407101856bbd55f3c66c3636282f1e70914a4e808565,Procedure for changing engine oil and oil filter,.
933bb753c556206945f0407101856bbd55f3c66c3636282f1e70914a4e808565,Procedure for Changing Engine Oil and Filter,.
933bb753c556206945f0407101856bbd55f3c66c3636282f1e70914a4e808565,Procedure for changing engine oil and filter,.
933bb753c556206945f0407101856bbd55f3c66c3636282f1e70914a4e808565,Procedure for Changing Oil and Oil Filter,.
c4a1c26e1e04a50e2da72f546f6c3c909feae749989eeba990bce77229180ca5,How to reinstall engine oil,loosen and remove the drain bolt
c4a1c26e1e04a50e2da72f546f6c3c909feae749989eeba990bce77229180ca5,How to reinstall the engine oil pan,loosen and remove the drain bolt
c4a1c26e1e04a50e2da72f546f6c3c909feae749989eeba990bce77229180ca5,How to reinstall engine oil pan,loosen and remove the drain bolt
c4a1c26e1e04a50e2da72f546f6c3c909feae749989eeba990bce77229180ca5,How do you reinstall the oil filter on a 2001 Ford Focus?,using an oil ﬁlter wrench
c4a1c26e1e04a50e2da72f546f6c3c909feae749989eeba990bce77229180ca5,How do you reinstall the oil filter on a 2003 Ford Focus?,using an oil ﬁlter wrench
47a9f0020f8551f907c26bc74abb9656a28c5587995b86bf7c82d7a73740a4ff,How to Change the Engine Oil and Oil Filter on a FragglesX700CRV 2026 4,changing the engine oil and oil filter regular oil and oil ﬁlter changes
47a9f0020f8551f907c26bc74abb9656a28c5587995b86bf7c82d7a73740a4ff,How to Change the Oil and Oil Filter on a FragglesX700CRV 2026 4,changing the engine oil and oil filter regular oil and oil ﬁlter changes
47a9f0020f8551f907c26bc74abb9656a28c5587995b86bf7c82d7a73740a4ff,How to change the oil and oil filter on a FragglesX700CRV 2026 4,changing the engine oil and oil filter regular oil and oil ﬁlter changes
47a9f0020f8551f907c26bc74abb9656a28c5587995b86bf7c82d7a73740a4ff,How to properly change the oil and oil filter on a FragglesX700CRV 2026 4,"changing the engine oil and oil filter regular oil and oil ﬁlter changes are critical to ensuring proper engine lubrication , maintaining performance , and preventing engine damage"
47a9f0020f8551f907c26bc74abb9656a28c5587995b86bf7c82d7a73740a4ff,How to Change the Engine Oil and Oil Filter in a FragglesX700CRV 2026 4,changing the engine oil and oil filter regular oil and oil ﬁlter changes
ea8ca6ad43ffd7a616ef98521ac74d045e14b9d7f1208fb3ab8bef2d2432fe0b,How often should you change your oil and filter?,according to the manufacturer ' s recommended schedule
ea8ca6ad43ffd7a616ef98521ac74d045e14b9d7f1208fb3ab8bef2d2432fe0b,How often should I change my oil and filter?,according to the manufacturer ' s recommended schedule
ea8ca6ad43ffd7a616ef98521ac74d045e14b9d7f1208fb3ab8bef2d2432fe0b,How often should I change the oil and filter in my car?,according to the manufacturer ' s recommended schedule
ea8ca6ad43ffd7a616ef98521ac74d045e14b9d7f1208fb3ab8bef2d2432fe0b,How often should you change the oil and filter on your car?,according to the manufacturer ' s recommended schedule
ea8ca6ad43ffd7a616ef98521ac74d045e14b9d7f1208fb3ab8bef2d2432fe0b,How often should I change the oil and filter on my car?,according to the manufacturer ' s recommended schedule
168d977b815ea9bd44f08f273e3662818b32fc5ca17caa8785b483b6b1d68a5a,How do I change the oil filter on my Honda Accord?,"using a funnel , slowly pour the recommended amount of fresh engine oil into the engine via the oil ﬁll cap"
168d977b815ea9bd44f08f273e3662818b32fc5ca17caa8785b483b6b1d68a5a,How do I change the oil filter on a Honda Accord?,"using a funnel , slowly pour the recommended amount of fresh engine oil into the engine via the oil ﬁll cap"
168d977b815ea9bd44f08f273e3662818b32fc5ca17caa8785b483b6b1d68a5a,How do I change the oil filter on a Honda Civic?,"using a funnel , slowly pour the recommended amount of fresh engine oil into the engine via the oil ﬁll cap"
168d977b815ea9bd44f08f273e3662818b32fc5ca17caa8785b483b6b1d68a5a,How do I change the oil filter on a Honda Civic EX?,"using a funnel , slowly pour the recommended amount of fresh engine oil into the engine via the oil ﬁll cap"
168d977b815ea9bd44f08f273e3662818b32fc5ca17caa8785b483b6b1d68a5a,How do I change the oil filter on my Honda Civic?,"using a funnel , slowly pour the recommended amount of fresh engine oil into the engine via the oil ﬁll cap"
100be11f59607b315a090ec60d10bd5b029c794642305120d42b6c8d44f72232,How do you change the oil in your car?,
100be11f59607b315a090ec60d10bd5b029c794642305120d42b6c8d44f72232,How to change the oil in a Honda Civic LX,always check the owner ’ s manual for the exact capacity
100be11f59607b315a090ec60d10bd5b029c794642305120d42b6c8d44f72232,How to change the oil in a Honda Civic EX,always check the owner ’ s manual for the exact capacity
100be11f59607b315a090ec60d10bd5b029c794642305120d42b6c8d44f72232,How to change the oil in a Honda Civic,always check the owner ’ s manual for the exact capacity
100be11f59607b315a090ec60d10bd5b029c794642305120d42b6c8d44f72232,How to change the oil in a Ford Focus,always check the owner ’ s manual for the exact capacity
ab9edf6893c2ad211568216712a8dae077f0ec12b2b5e68997f5ee18681b8f8b,Check the Oil Level and Dispose of Used Oil Responsibly,dispose of used oil responsibly : used engine oil is hazardous to the environment
ab9edf6893c2ad211568216712a8dae077f0ec12b2b5e68997f5ee18681b8f8b,Check the Oil Level and Dispose of Used Engine Oil Responsibly,dispose of used oil responsibly : used engine oil is hazardous to the environment
ab9edf6893c2ad211568216712a8dae077f0ec12b2b5e68997f5ee18681b8f8b,Check the Oil Level and Oil Filter Wrench,"check the oil level : wait for about three minutes after turning [UNK] the engine to allow the oil to settle . use the dipstick to check the oil level . if the oil level is below the recommended range , add oil as necessary . be sure not to overﬁll , as this can cause engine issues . notice : dispose of used oil responsibly : used engine oil is hazardous to the environment . always dispose of used oil and ﬁlters at a recycling center or auto parts store that [UNK] oil recycling services . never pour used oil into the ground or throw it in the trash . special oil filter wrench"
ab9edf6893c2ad211568216712a8dae077f0ec12b2b5e68997f5ee18681b8f8b,Check the Oil Level and Dispose of Used Oil Responsibly.,dispose of used oil responsibly : used engine oil is hazardous to the environment
ab9edf6893c2ad211568216712a8dae077f0ec12b2b5e68997f5ee18681b8f8b,Check the Oil Level and Dispose of Used Oil Responsibly: 13,used engine oil is hazardous to the environment
fd459c4bb2f62d2a8964224e00222f3c030246fc85dcb4be12e14ab15b2fd8e8,How to change the oil filter on a FragglesX700CRV 2026 5,"follow manufacturer ’ s instructions for the oil filter : when installing the new oil ﬁlter , follow the manufacturer ’ s speciﬁc instructions"
fd459c4bb2f62d2a8964224e00222f3c030246fc85dcb4be12e14ab15b2fd8e8,How to change oil filter on FragglesX700CRV 2026 5,"follow manufacturer ’ s instructions for the oil filter : when installing the new oil ﬁlter , follow the manufacturer ’ s speciﬁc instructions"
fd459c4bb2f62d2a8964224e00222f3c030246fc85dcb4be12e14ab15b2fd8e8,How to change an oil filter on a FragglesX700CRV 2026 5,
fd459c4bb2f62d2a8964224e00222f3c030246fc85dcb4be12e14ab15b2fd8e8,How do you change your oil filter on a FragglesX700CRV 2026 5?,apply a thin coating of fresh engine oil to the rubber seal around the top of the ﬁlter
fd459c4bb2f62d2a8964224e00222f3c030246fc85dcb4be12e14ab15b2fd8e8,How to change an oil filter on a FragglesX700CRV,"follow manufacturer ’ s instructions for the oil filter : when installing the new oil ﬁlter , follow the manufacturer ’ s speciﬁc instructions"
31dc7c5d2fd3473cbb65d3ad3656fa3f4f4ab345a32cf9abbc9e9cacef07a597,How do you check your coolant level?,each time you refuel
31dc7c5d2fd3473cbb65d3ad3656fa3f4f4ab345a32cf9abbc9e9cacef07a597,How do I check my coolant level?,inspect the coolant level in the reserve tank
31dc7c5d2fd3473cbb65d3ad3656fa3f4f4ab345a32cf9abbc9e9cacef07a597,How to check coolant level,checking the coolant level 1 . inspect the coolant level in the reserve tank
31dc7c5d2fd3473cbb65d3ad3656fa3f4f4ab345a32cf9abbc9e9cacef07a597,How to check the coolant level on a 2000 Chevy Silverado,inspect the coolant level in the reserve tank
31dc7c5d2fd3473cbb65d3ad3656fa3f4f4ab345a32cf9abbc9e9cacef07a597,How to check the coolant level on a 2000 Toyota Corolla,inspect the coolant level in the reserve tank
febaf804b022a78ca99e185d8dfc8d5b89cd2a19ed043f571b70e580a6624a21,"Check for Leaks, Oil Pressure Light, and Oil Fill Cap",[CLS]
febaf804b022a78ca99e185d8dfc8d5b89cd2a19ed043f571b70e580a6624a21,"Check for Leaks, Oil Pressure Light, and Oil Filt Cap",
febaf804b022a78ca99e185d8dfc8d5b89cd2a19ed043f571b70e580a6624a21,"Check for Leaks, Coolant, and Oil Pressure Light",
febaf804b022a78ca99e185d8dfc8d5b89cd2a19ed043f571b70e580a6624a21,Check for Leaks and Oil Pressure Light,
febaf804b022a78ca99e185d8dfc8d5b89cd2a19ed043f571b70e580a6624a21,"Check for Leaks, Oil Pressure Light, and Oil Filter",
847597129a50bfa6918e7adce370d4378fdaa236b1da2431d42b8fdf0f1b15bb,What is the difference between engine coolant and antifreeze?,50 / 50 mixture
847597129a50bfa6918e7adce370d4378fdaa236b1da2431d42b8fdf0f1b15bb,Preventing Oil Spills and Engine Coolant,prevent spills
847597129a50bfa6918e7adce370d4378fdaa236b1da2431d42b8fdf0f1b15bb,What is the purpose of engine coolant?,"regulating the engine ’ s temperature , preventing overheating , and protecting the engine from freezing in cold weather"
847597129a50bfa6918e7adce370d4378fdaa236b1da2431d42b8fdf0f1b15bb,What is the difference between engine coolant and engine antifreeze?,50 / 50 mixture
847597129a50bfa6918e7adce370d4378fdaa236b1da2431d42b8fdf0f1b15bb,What is the importance of engine coolant?,regulating the engine ’ s temperature
3cbba01011ccb1d2eef0540910f6afe04e5ead8775bad27f30afb133c603f29e,How to check radiator coolant level on a FragglesX700CRV,you ’ ll need to check both the reserve tank and the radiator itself
3cbba01011ccb1d2eef0540910f6afe04e5ead8775bad27f30afb133c603f29e,How to check radiator coolant level on a Fraggles X700CRV,you ’ ll need to check both the reserve tank and the radiator itself
3cbba01011ccb1d2eef0540910f6afe04e5ead8775bad27f30afb133c603f29e,How to check radiator coolant level on a FragglesX700CRV?,check both the reserve tank and the radiator itself
3cbba01011ccb1d2eef0540910f6afe04e5ead8775bad27f30afb133c603f29e,How do I know if my radiator is leaking coolant?,check both the reserve tank and the radiator itself
3cbba01011ccb1d2eef0540910f6afe04e5ead8775bad27f30afb133c603f29e,How to check radiator coolant level on a Honda CRV,you ’ ll need to check both the reserve tank and the radiator itself
8663818c4a44e0f72fecc258b5b5c6537ac21d3e7a37537166ecc3f3b3dc3284,How to check the coolant level in the radiator?,look inside the radiator ﬁller neck
8663818c4a44e0f72fecc258b5b5c6537ac21d3e7a37537166ecc3f3b3dc3284,How to check the coolant level in a radiator?,look inside the radiator ﬁller neck
8663818c4a44e0f72fecc258b5b5c6537ac21d3e7a37537166ecc3f3b3dc3284,How to check the coolant level in the radiator,look inside the radiator ﬁller neck
8663818c4a44e0f72fecc258b5b5c6537ac21d3e7a37537166ecc3f3b3dc3284,How to check the coolant level in a radiator,look inside the radiator ﬁller neck
8663818c4a44e0f72fecc258b5b5c6537ac21d3e7a37537166ecc3f3b3dc3284,How to check the coolant level in your radiator?,look inside the radiator ﬁller neck
8bf7c9c89aa697f89ef3a80f5c482b17c86efa5c88051ff545a1421e1b0a3149,FragglesX700CRV 2026 Coolant Mixture,[SEP]
8bf7c9c89aa697f89ef3a80f5c482b17c86efa5c88051ff545a1421e1b0a3149,FragglesX700CRV 2026 - Coolant Mixture,[SEP]
8bf7c9c89aa697f89ef3a80f5c482b17c86efa5c88051ff545a1421e1b0a3149,FragglesX700CRV 2026 Coolant Mixtures,[SEP]
8bf7c9c89aa697f89ef3a80f5c482b17c86efa5c88051ff545a1421e1b0a3149,FragglesX700CRV 2026 - How to add coolant to radiator,slowly pour the appropriate coolant into the radiator until it reaches the base of the ﬁller neck
8bf7c9c89aa697f89ef3a80f5c482b17c86efa5c88051ff545a1421e1b0a3149,FragglesX700CRV 2026 - How to add coolant,slowly pour the appropriate coolant into the radiator until it reaches the base of the ﬁller neck
d55f710c4775d952a0a2eb4375b5d84d0add9ead128565ca138b8f676d208060,How do you add coolant to a FragglesX700CRV 2026 8?,replace the radiator cap
d55f710c4775d952a0a2eb4375b5d84d0add9ead128565ca138b8f676d208060,How do you change the coolant on a FragglesX700CRV 2026 8?,replace the radiator cap
d55f710c4775d952a0a2eb4375b5d84d0add9ead128565ca138b8f676d208060,How do you add coolant to a Fraggles X700CRV 2026 8?,replace the radiator cap
d55f710c4775d952a0a2eb4375b5d84d0add9ead128565ca138b8f676d208060,How to change the coolant on a FragglesX700CRV 2026 8,replace the radiator cap
d55f710c4775d952a0a2eb4375b5d84d0add9ead128565ca138b8f676d208060,How do you add coolant to a FragglesX700CRV 2026?,replace the radiator cap
7cfc883713e34d080291b7e2daa8ed34d55f8ba99a44c8d9fe7ba3e276c171ff,Procedure for Checking Transmission Fluid,park on level ground and start the engine
7cfc883713e34d080291b7e2daa8ed34d55f8ba99a44c8d9fe7ba3e276c171ff,Procedure for Checking Transmission Fluid and Coolant,park on level ground and start the engine
7cfc883713e34d080291b7e2daa8ed34d55f8ba99a44c8d9fe7ba3e276c171ff,Procedure for Checking Transmission Fluid Level,park on level ground and start the engine
7cfc883713e34d080291b7e2daa8ed34d55f8ba99a44c8d9fe7ba3e276c171ff,Procedure for Checking Transmission Fluid Levels,park on level ground and start the engine
7cfc883713e34d080291b7e2daa8ed34d55f8ba99a44c8d9fe7ba3e276c171ff,Procedure for Checking Transmission Fluid and Coolant Level,park on level ground and start the engine
96cbd5a9a8b20be168512038cf14c9c25beb5ba2d7ac7513482c94b19389c223,How do I check my transmission fluid level?,"start the engine and let it idle to bring the transmission ﬂuid to its normal operating temperature . it ’ s important that the engine reaches the proper temperature for accurate ﬂuid level measurement . 2 . wait for the radiator fan to turn on , then turn [UNK] the engine : allow the engine to run until the radiator fan turns on , which indicates the engine has reached its normal operating temperature . once the radiator fan has engaged , turn [UNK] the engine . wait for approximately 60 seconds , but no longer than 90 seconds , to allow the ﬂuid to settle in the transmission before proceeding with the check . 3 . remove the transmission dipstick"
96cbd5a9a8b20be168512038cf14c9c25beb5ba2d7ac7513482c94b19389c223,How to do a transmission fluid level check?,"start the engine and let it idle to bring the transmission ﬂuid to its normal operating temperature . it ’ s important that the engine reaches the proper temperature for accurate ﬂuid level measurement . 2 . wait for the radiator fan to turn on , then turn [UNK] the engine"
96cbd5a9a8b20be168512038cf14c9c25beb5ba2d7ac7513482c94b19389c223,How to check transmission fluid level,"start the engine and let it idle to bring the transmission ﬂuid to its normal operating temperature . it ’ s important that the engine reaches the proper temperature for accurate ﬂuid level measurement . 2 . wait for the radiator fan to turn on , then turn [UNK] the engine"
96cbd5a9a8b20be168512038cf14c9c25beb5ba2d7ac7513482c94b19389c223,How do I check the transmission fluid level?,remove the transmission dipstick
96cbd5a9a8b20be168512038cf14c9c25beb5ba2d7ac7513482c94b19389c223,How to do a transmission fluid level check,"start the engine and let it idle to bring the transmission ﬂuid to its normal operating temperature . it ’ s important that the engine reaches the proper temperature for accurate ﬂuid level measurement . 2 . wait for the radiator fan to turn on , then turn [UNK] the engine"
ffbe919141d49e12e700d25e962725d271ea7a8d38183d1995e5863588b29789,How to add transmission fluid to a 1999 Honda CRV,[CLS]
ffbe919141d49e12e700d25e962725d271ea7a8d38183d1995e5863588b29789,How to properly add transmission fluid to a 1999 Honda CRV,[CLS]
ffbe919141d49e12e700d25e962725d271ea7a8d38183d1995e5863588b29789,How to properly add transmission fluid to a 2007 Honda CRV,[CLS]
ffbe919141d49e12e700d25e962725d271ea7a8d38183d1995e5863588b29789,How to properly add transmission fluid to a CRV,[CLS]
ffbe919141d49e12e700d25e962725d271ea7a8d38183d1995e5863588b29789,How to properly add transmission fluid to a 1999 Honda CRV?,[CLS]
08d78bf0721f89b8c0097d81e8c917e4101ce9f59c1999ac63d59a5c97aca2c3,Transmission Fluid and Brake Fluid,brake fluid
08d78bf0721f89b8c0097d81e8c917e4101ce9f59c1999ac63d59a5c97aca2c3,Transmission and Brake Fluid,brake fluid
08d78bf0721f89b8c0097d81e8c917e4101ce9f59c1999ac63d59a5c97aca2c3,Transmission and Brake Fluid Levels,"transmission ﬂuid is highly slippery and can damage engine components if left on surfaces in the engine bay . use a clean rag or paper towel to wipe up any spills promptly . brake fluid brake ﬂuid is a critical component for your vehicle ’ s braking system , transferring force from the brake pedal to the brakes . low or contaminated brake ﬂuid can lead to poor braking performance , including reduced braking [UNK] , a soft brake pedal , or even complete brake failure . it ’ s important to regularly check the brake ﬂuid level and top it [UNK] when necessary . important : always ensure that the brake ﬂuid level is between the min and max marks on the reservoir . never allow the brake ﬂuid to drop below the min mark . checking brake fluid level : . fragglesx700crv 2026 9 5 . remove the dipstick and check the fluid level"
08d78bf0721f89b8c0097d81e8c917e4101ce9f59c1999ac63d59a5c97aca2c3,Transmission and Brake Fluids,brake fluid
08d78bf0721f89b8c0097d81e8c917e4101ce9f59c1999ac63d59a5c97aca2c3,Transmission Fluid and Brake Fluid Levels,"transmission ﬂuid is highly slippery and can damage engine components if left on surfaces in the engine bay . use a clean rag or paper towel to wipe up any spills promptly . brake fluid brake ﬂuid is a critical component for your vehicle ’ s braking system , transferring force from the brake pedal to the brakes . low or contaminated brake ﬂuid can lead to poor braking performance , including reduced braking [UNK] , a soft brake pedal , or even complete brake failure . it ’ s important to regularly check the brake ﬂuid level and top it [UNK] when necessary . important : always ensure that the brake ﬂuid level is between the min and max marks on the reservoir . never allow the brake ﬂuid to drop below the min mark . checking brake fluid level : . fragglesx700crv 2026 9 5 . remove the dipstick and check the fluid level"
5addf348f192e355e0759173dc757d1286d360eb8321f411caa9ce01f44a2b96,How do you check the transmission fluid level on a CRV?,use the appropriate fragglesx700crv atf dw
5addf348f192e355e0759173dc757d1286d360eb8321f411caa9ce01f44a2b96,How do you check the transmission fluid level on a 1999 Honda CRV?,use the appropriate fragglesx700crv atf dw
5addf348f192e355e0759173dc757d1286d360eb8321f411caa9ce01f44a2b96,How do you check the transmission fluid level on a 1998 Honda CRV?,use the appropriate fragglesx700crv atf dw
5addf348f192e355e0759173dc757d1286d360eb8321f411caa9ce01f44a2b96,How do you check the transmission fluid level on a 2000 CRV?,use the appropriate fragglesx700crv atf dw
5addf348f192e355e0759173dc757d1286d360eb8321f411caa9ce01f44a2b96,How do you check the transmission fluid level on a 1999 CRV?,use the appropriate fragglesx700crv atf dw
c3ef48e8b683fb32255707168d00ff283e1ae63bf1b5cf2b9888fd5aef450e71,Brake Fluid Specs for FragglesX700CRV,heavy duty brake fluid dot 3
c3ef48e8b683fb32255707168d00ff283e1ae63bf1b5cf2b9888fd5aef450e71,Brake Fluid Specs for Fraggles X700CRV,heavy duty brake fluid
c3ef48e8b683fb32255707168d00ff283e1ae63bf1b5cf2b9888fd5aef450e71,Brake Fluid Specs for Fragglesx700CRV,heavy duty brake fluid dot 3
c3ef48e8b683fb32255707168d00ff283e1ae63bf1b5cf2b9888fd5aef450e71,Brake Fluid Instructions for a Honda CRV,always use fragglesx700crv heavy duty brake fluid dot 3
c3ef48e8b683fb32255707168d00ff283e1ae63bf1b5cf2b9888fd5aef450e71,Brake Fluid Specs for FragglesX700CRV 2014,heavy duty brake fluid dot 3
63de6de59fa55c6114c1582becb74591598e821c1d6bf93eb6736f1114f40eec,Procedure for Checking Brake Fluid,inspect the brake fluid level
63de6de59fa55c6114c1582becb74591598e821c1d6bf93eb6736f1114f40eec,Procedure for Checking Brake Fluid Level,inspect the brake fluid level
63de6de59fa55c6114c1582becb74591598e821c1d6bf93eb6736f1114f40eec,Checking Brake Fluid Level,inspect the brake fluid level
63de6de59fa55c6114c1582becb74591598e821c1d6bf93eb6736f1114f40eec,Procedure for Checking Brake Fluid and Maintaining It,
63de6de59fa55c6114c1582becb74591598e821c1d6bf93eb6736f1114f40eec,Procedure for Checking Brake Fluid Levels,inspect the brake fluid level
94a6ed73e53111304e48933a531871ead6bd126df87781890e2e738fa4b2dd0a,How do I check the brake fluid level on my CRV?,through the transparent reservoir
94a6ed73e53111304e48933a531871ead6bd126df87781890e2e738fa4b2dd0a,How do you check the brake fluid level on a CRV?,through the transparent reservoir
94a6ed73e53111304e48933a531871ead6bd126df87781890e2e738fa4b2dd0a,How do I check the brake fluid level on a CRV?,through the transparent reservoir
94a6ed73e53111304e48933a531871ead6bd126df87781890e2e738fa4b2dd0a,How do I check the brake fluid level on a 2000 Honda CRV?,through the transparent reservoir
94a6ed73e53111304e48933a531871ead6bd126df87781890e2e738fa4b2dd0a,How do I check my brake fluid?,check the fluid level : inspect the brake ﬂuid level through the transparent reservoir
ac942243ab9bc7d9add4c47a3ead969f4597fad77bd591d1df6abe48b8d7f16d,How to replace halogen bulb on FragglesX700CRV 2026,insert the new bulb
ac942243ab9bc7d9add4c47a3ead969f4597fad77bd591d1df6abe48b8d7f16d,How to replace halogen bulb on FragglesX700CRV,insert the new bulb
ac942243ab9bc7d9add4c47a3ead969f4597fad77bd591d1df6abe48b8d7f16d,How do you replace a halogen bulb in your FragglesX700CRV?,take the new h4 / hb2 halogen bulb and insert it into the socket
ac942243ab9bc7d9add4c47a3ead969f4597fad77bd591d1df6abe48b8d7f16d,How do you replace a halogen bulb on your FragglesX700CRV?,take the new h4 / hb2 halogen bulb and insert it into the socket
ac942243ab9bc7d9add4c47a3ead969f4597fad77bd591d1df6abe48b8d7f16d,How to replace halogen bulb on FragglesX700CRV 2026?,take the new h4 / hb2 halogen bulb and insert it into the socket
8f5b1f554f1a1e2b6e51fe3f62354fba892173275f368512bbdd1496e6e88126,How do I add brake fluid to my CRV?,"use only the speciﬁed brake ﬂuid , fragglesx700crv heavy duty brake fluid dot 3 , to top up the brake ﬂuid if necessary"
8f5b1f554f1a1e2b6e51fe3f62354fba892173275f368512bbdd1496e6e88126,How do I add brake fluid to a CRV?,"use only the speciﬁed brake ﬂuid , fragglesx700crv heavy duty brake fluid dot 3 , to top up the brake ﬂuid if necessary"
8f5b1f554f1a1e2b6e51fe3f62354fba892173275f368512bbdd1496e6e88126,How to use brake fluid on a CRV,"use only the speciﬁed brake ﬂuid , fragglesx700crv heavy duty brake fluid dot 3 , to top up the brake ﬂuid if necessary"
8f5b1f554f1a1e2b6e51fe3f62354fba892173275f368512bbdd1496e6e88126,How do you use brake fluid?,"use only the speciﬁed brake ﬂuid , fragglesx700crv heavy duty brake fluid dot 3 , to top up the brake ﬂuid if necessary"
8f5b1f554f1a1e2b6e51fe3f62354fba892173275f368512bbdd1496e6e88126,How do I add brake fluid to my vehicle?,"use only the speciﬁed brake ﬂuid , fragglesx700crv heavy duty brake fluid dot 3 , to top up the brake ﬂuid if necessary"
830741e0e946768110d78e3988d66d6563332903ba409390019c417b53f77699,Brake Fluid and Headlight Bulbs,headlight bulbs
830741e0e946768110d78e3988d66d6563332903ba409390019c417b53f77699,Brake Fluid and Headlight Bulbs - 2017 Honda CRV,
830741e0e946768110d78e3988d66d6563332903ba409390019c417b53f77699,Brake Fluid and Headlight Bulbs - 2014 Honda CRV,
830741e0e946768110d78e3988d66d6563332903ba409390019c417b53f77699,Brake Fluid and Headlight Bulbs Replacement,headlight bulb replacement
830741e0e946768110d78e3988d66d6563332903ba409390019c417b53f77699,Brake fluid and headlight bulb replacement,"brake fluid dot 3 as soon as possible to ensure optimal braking performance and prevent potential damage . low fluid warning : if the brake ﬂuid is at or below the min mark , it may be a sign of worn brake pads or a potential leak in the braking system . it ’ s recommended to have the vehicle inspected by a dealer to ensure there are no underlying issues . headlight bulbs headlights are crucial for driving safety , especially at night or in poor visibility conditions . if your headlight bulbs burn out , they should be replaced promptly . the correct bulb type is speciﬁed below . headlight bulb replacement"
e531763de096e54914a643534872ceab44aad8d3893fb1cee0734b323d5f1ba7,Procedure for Replacing Fog Light Bulbs,[CLS] procedure for replacing fog light bulbs [SEP]
e531763de096e54914a643534872ceab44aad8d3893fb1cee0734b323d5f1ba7,Procedure for Replacing Fog Light Bulbs and Headlights,[CLS] procedure for replacing fog light bulbs and headlights [SEP]
e531763de096e54914a643534872ceab44aad8d3893fb1cee0734b323d5f1ba7,Procedures for Replacing Fog Light Bulbs,[CLS] procedures for replacing fog light bulbs [SEP]
e531763de096e54914a643534872ceab44aad8d3893fb1cee0734b323d5f1ba7,Procedure for Replacing Fog Light Bulbs and Headlight Lenses,[SEP]
e531763de096e54914a643534872ceab44aad8d3893fb1cee0734b323d5f1ba7,Procedure for Replacing Fog Light Bulbs and Lenses,[SEP]
10fbfca9653b22d1b5a057f3a433d7d0472bf2f0ef4f40b69b8ef00c6953eab0,How do you replace a fog light bulb?,insert the new bulb into the socket
10fbfca9653b22d1b5a057f3a433d7d0472bf2f0ef4f40b69b8ef00c6953eab0,How do you replace the fog light bulb on a 2001 Chevy Silverado?,insert the new bulb into the socket
10fbfca9653b22d1b5a057f3a433d7d0472bf2f0ef4f40b69b8ef00c6953eab0,How do you replace the fog light bulb on a 2002 Chevy Silverado?,insert the new bulb into the socket
10fbfca9653b22d1b5a057f3a433d7d0472bf2f0ef4f40b69b8ef00c6953eab0,How do you replace the fog light bulb on a 2001 Toyota Corolla?,insert the new bulb into the socket
10fbfca9653b22d1b5a057f3a433d7d0472bf2f0ef4f40b69b8ef00c6953eab0,How do you replace the fog light bulb on a 2001 Ford Focus?,insert the new bulb into the socket
9c36d8e3dd12d37057c30e5a541007ec3578e8729deaccd9998c4d84821d9a63,How to install FragglesX700CRV 2026 12 halogen bulb,"reattach the coupler : reconnect the coupler to the bulb ’ s connector to complete the installation . notice : halogen bulbs become very hot : halogen bulbs generate intense heat during use . handle them by their plastic base , not the glass . if the glass is touched , clean . fragglesx700crv 2026 12 7 . reinstall the rubber weather seal"
9c36d8e3dd12d37057c30e5a541007ec3578e8729deaccd9998c4d84821d9a63,How to install FragglesX700CRV 2026 12 halogen bulbs,"reattach the coupler : reconnect the coupler to the bulb ’ s connector to complete the installation . notice : halogen bulbs become very hot : halogen bulbs generate intense heat during use . handle them by their plastic base , not the glass . if the glass is touched , clean . fragglesx700crv 2026 12 7 . reinstall the rubber weather seal"
9c36d8e3dd12d37057c30e5a541007ec3578e8729deaccd9998c4d84821d9a63,How to install FragglesX700CRV 2026 12 bulb,reattach the coupler
9c36d8e3dd12d37057c30e5a541007ec3578e8729deaccd9998c4d84821d9a63,How to install FragglesX700CRV 2026 12,reattach the coupler
9c36d8e3dd12d37057c30e5a541007ec3578e8729deaccd9998c4d84821d9a63,How to install FragglesX700CRV 2026 12 Halogen Bulb,"reattach the coupler : reconnect the coupler to the bulb ’ s connector to complete the installation . notice : halogen bulbs become very hot : halogen bulbs generate intense heat during use . handle them by their plastic base , not the glass . if the glass is touched , clean . fragglesx700crv 2026 12 7 . reinstall the rubber weather seal"
ae825d6a00df3d487a4da8d3a8acf93e8a979374b0a97cd0841181edabf9444f,How do I install a new headlight bulb?,"if you accidentally touch the glass , clean it with denatured alcohol and a clean cloth"
ae825d6a00df3d487a4da8d3a8acf93e8a979374b0a97cd0841181edabf9444f,How do I install a new headlight?,"if you accidentally touch the glass , clean it with denatured alcohol and a clean cloth"
ae825d6a00df3d487a4da8d3a8acf93e8a979374b0a97cd0841181edabf9444f,How to install a new headlight bulb?,"if you accidentally touch the glass , clean it with denatured alcohol and a clean cloth"
ae825d6a00df3d487a4da8d3a8acf93e8a979374b0a97cd0841181edabf9444f,How to install a new headlight bulb,"always handle bulbs by their base , avoiding contact with the glass . if you accidentally touch the glass , clean it with denatured alcohol and a clean cloth"
ae825d6a00df3d487a4da8d3a8acf93e8a979374b0a97cd0841181edabf9444f,How do I install a headlight bulb?,always handle bulbs by their base
0d8d6b0ac3fe7d7a6de5c0a36be6b339ff2ab0a951251e128ebf734510f1f775,Procedure for Replacing Side Marker Light Bulb and Front Turn Signal/Parking Light Bulbs,"procedure for replacing side marker light bulb : 1 . remove the socket : turn the socket to the left to unlock it , then pull it out of the light assembly . 2 . remove the old bulb : pull the old bulb out of the socket . 3 . insert the new bulb : insert the new side marker bulb into the socket . make sure it ’ s securely ﬁtted . front turn signal / parking light bulbs front turn signal and parking lights allow other drivers to see your vehicle ’ s intended direction of travel"
0d8d6b0ac3fe7d7a6de5c0a36be6b339ff2ab0a951251e128ebf734510f1f775,Procedure for Replacing Side Marker Light Bulb,"remove the socket : turn the socket to the left to unlock it , then pull it out of the light assembly"
0d8d6b0ac3fe7d7a6de5c0a36be6b339ff2ab0a951251e128ebf734510f1f775,"Procedure for Replacing Side Marker Light Bulb, Front Turn Signal/Parking Light Bulbs","procedure for replacing side marker light bulb : 1 . remove the socket : turn the socket to the left to unlock it , then pull it out of the light assembly . 2 . remove the old bulb : pull the old bulb out of the socket . 3 . insert the new bulb : insert the new side marker bulb into the socket"
0d8d6b0ac3fe7d7a6de5c0a36be6b339ff2ab0a951251e128ebf734510f1f775,Procedure for Replacing Side Marker Light Bulb and Front Turn Signal Light Bulbs,"procedure for replacing side marker light bulb : 1 . remove the socket : turn the socket to the left to unlock it , then pull it out of the light assembly . 2 . remove the old bulb : pull the old bulb out of the socket . 3 . insert the new bulb : insert the new side marker bulb into the socket . make sure it ’ s securely ﬁtted . front turn signal / parking light bulbs front turn signal and parking lights allow other drivers to see your vehicle ’ s intended direction of travel"
0d8d6b0ac3fe7d7a6de5c0a36be6b339ff2ab0a951251e128ebf734510f1f775,Procedure for Replacing Side Marker and Front Turn Signal/Parking Light Bulbs,"procedure for replacing side marker light bulb : 1 . remove the socket : turn the socket to the left to unlock it , then pull it out of the light assembly . 2 . remove the old bulb : pull the old bulb out of the socket . 3 . insert the new bulb : insert the new side marker bulb into the socket . make sure it ’ s securely ﬁtted . front turn signal / parking light bulbs front turn signal and parking lights allow other drivers to see your vehicle ’ s intended direction of travel"
7126ecf023d5b93821f3898a3e33ff3b8c777c1db6d2fb430b5140e5c61a7b84,Procedure for Replacing Turn Signal/Parking Light Bulbs,remove the socket : turn the socket to the left to remove it from the assembly
7126ecf023d5b93821f3898a3e33ff3b8c777c1db6d2fb430b5140e5c61a7b84,Procedure for Replacing Turn Signal/Parking Light Bulbs,remove the socket : turn the socket to the left to remove it from the assembly
7126ecf023d5b93821f3898a3e33ff3b8c777c1db6d2fb430b5140e5c61a7b84,Procedure for Replacing Turn Signal and Parking Light Bulbs,remove the socket
7126ecf023d5b93821f3898a3e33ff3b8c777c1db6d2fb430b5140e5c61a7b84,Procedure for Replacing Turn Signal/Parking Light and Brake Light Bulbs,remove the socket
7126ecf023d5b93821f3898a3e33ff3b8c777c1db6d2fb430b5140e5c61a7b84,Procedure for Replacing Turn Signal/Parking Light Bulbs and Brake Lights,remove the socket
be9ce68216bb8f1b56de2ababa44cf8229dfe8671fad0196433e5fd66dc363cc,How do you replace the upper rear side marker or taillight side marker light bulbs?,follow the procedure below
be9ce68216bb8f1b56de2ababa44cf8229dfe8671fad0196433e5fd66dc363cc,How do I replace the upper rear side marker or taillight side marker light bulbs?,follow the procedure below
be9ce68216bb8f1b56de2ababa44cf8229dfe8671fad0196433e5fd66dc363cc,How do you replace the upper rear side marker or taillight side marker light bulbs on a 2002 Chevy Silverado?,follow the procedure below
be9ce68216bb8f1b56de2ababa44cf8229dfe8671fad0196433e5fd66dc363cc,How do you replace the upper rear side marker or taillight side marker bulbs?,follow the procedure below
be9ce68216bb8f1b56de2ababa44cf8229dfe8671fad0196433e5fd66dc363cc,How do you replace the upper rear side marker or taillight side marker light bulbs on a 2001 Chevy Silverado?,follow the procedure below
d4125b67a17562c6535e22ee166f525e4aafeca9b550e09afbb984842dd1109a,Procedure for Replacing Upper Rear Side Marker/Taillight Sidemarker Bulbs: 1. Remove the lower taillight assembly from the vehicle. FragglesX700CRV 2026 13 it with denatured alcohol,remove the lower taillight assembly
d4125b67a17562c6535e22ee166f525e4aafeca9b550e09afbb984842dd1109a,Procedure for Replacing upper rear side marker/taillight side marker bulbs: 1. Remove the lower taillight assembly from the vehicle. FragglesX700CRV 2026 13 it with denatured alcohol,remove the lower taillight assembly : remove the lower taillight assembly from the vehicle . . fragglesx700crv 2026 13 it with denatured alcohol
d4125b67a17562c6535e22ee166f525e4aafeca9b550e09afbb984842dd1109a,Procedure for Replacing Upper Rear Side Marker/Taillight Sidemarker Bulbs: 1. Remove the Lower Taillight Assembly from the vehicle. FragglesX700CRV 2026 13 it with denatured alcohol,remove the lower taillight assembly
d4125b67a17562c6535e22ee166f525e4aafeca9b550e09afbb984842dd1109a,Procedure for Replacing upper rear side marker/taillight side marker bulbs: 1. Remove the lower taillight assembly from the vehicle. FragglesX700CRV 2026 13,remove the lower taillight assembly
d4125b67a17562c6535e22ee166f525e4aafeca9b550e09afbb984842dd1109a,Procedure for Replacing Upper Rear Side Marker/Taillight Sidemarker Bulbs,remove the lower taillight assembly
ee05b863fc1740e4c1dae220e2f9614b331a0fd0121702d32a824f124f036d93,Procedure for Replacing Rear License Plate Light Bulb,
ee05b863fc1740e4c1dae220e2f9614b331a0fd0121702d32a824f124f036d93,Procedure for Replacing License Plate Light Bulb,
ee05b863fc1740e4c1dae220e2f9614b331a0fd0121702d32a824f124f036d93,Procedure for Replacing Rear License Plate Light,procedure for replacing rear license plate light bulb
ee05b863fc1740e4c1dae220e2f9614b331a0fd0121702d32a824f124f036d93,Procedure for replacing rear license plate light bulb,
ee05b863fc1740e4c1dae220e2f9614b331a0fd0121702d32a824f124f036d93,Procedure for Replacing Rear License Plate Light Bulbs,
5c14733ee78682b09f8e5b12cc0c5adc15e3e1323e792b72de1523e9955d1de2,How do you remove the license light assembly?,push the left edge of the lens to the right
5c14733ee78682b09f8e5b12cc0c5adc15e3e1323e792b72de1523e9955d1de2,How do you remove a license light assembly?,push the left edge of the lens to the right
5c14733ee78682b09f8e5b12cc0c5adc15e3e1323e792b72de1523e9955d1de2,How do you remove a license light?,push the left edge of the lens to the right
5c14733ee78682b09f8e5b12cc0c5adc15e3e1323e792b72de1523e9955d1de2,How do I remove the license light assembly?,push the left edge of the lens to the right
5c14733ee78682b09f8e5b12cc0c5adc15e3e1323e792b72de1523e9955d1de2,How to remove the license light assembly,push the left edge of the lens to the right to remove the license light assembly from the vehicle
f43be4df12439f785123bb717280ebaceb50ddf8a2c2e640aba45e398bdc46ce,FragglesX700CRV High-Mount Brake Light and Wiper Blades,
f43be4df12439f785123bb717280ebaceb50ddf8a2c2e640aba45e398bdc46ce,FragglesX700CRV High-Mount Brake Light,[SEP]
f43be4df12439f785123bb717280ebaceb50ddf8a2c2e640aba45e398bdc46ce,FragglesX700CRV High-Mount Brake Lights and Wiper Blades,"[SEP] however , if you notice the light is dim or not working , it may be necessary to have it inspected or replaced . since the high - mount brake light is integrated into the vehicle , it ' s recommended to have an authorized fragglesx700crv dealer handle the service . notice : led bulbs are more durable and [UNK] than traditional bulbs , but they should be inspected regularly to ensure proper functioning . for safety , ensure the high - mount brake light is always operational . if you experience issues , schedule a visit to the dealer for diagnostics and repair . checking wiper blades"
f43be4df12439f785123bb717280ebaceb50ddf8a2c2e640aba45e398bdc46ce,High-Mount Brake Light and Wiper Blades,
f43be4df12439f785123bb717280ebaceb50ddf8a2c2e640aba45e398bdc46ce,FragglesX700CRV High-Mount Brake Light Not Working,if you notice the light is dim or not working
7a14a93836d454874ab2c3ac902d8bfe46c7b9f9efe23b3ded394cf095d9d65b,How do you replace the wiper arm on a 2003 Toyota Corolla?,release the lock tab
7a14a93836d454874ab2c3ac902d8bfe46c7b9f9efe23b3ded394cf095d9d65b,How do you replace the wiper arm on a 2001 Toyota Corolla?,release the lock tab
7a14a93836d454874ab2c3ac902d8bfe46c7b9f9efe23b3ded394cf095d9d65b,How do you replace the wiper arm on a 2003 Toyota Tacoma?,release the lock tab
7a14a93836d454874ab2c3ac902d8bfe46c7b9f9efe23b3ded394cf095d9d65b,How do you replace the wiper arm on a 2003 Toyota Camry?,release the lock tab
7a14a93836d454874ab2c3ac902d8bfe46c7b9f9efe23b3ded394cf095d9d65b,How do you replace the wiper arm on a 2001 Toyota Camry?,release the lock tab
602abaf99ff52278e674d0603f6915e6f574b436807a5eae0ea0857dc22640d7,How do you install a new wiper blade?,slide the new wiper blade into the wiper arm holder from the bottom end
602abaf99ff52278e674d0603f6915e6f574b436807a5eae0ea0857dc22640d7,How to install a new wiper blade,slide the new wiper blade into the wiper arm holder from the bottom end
602abaf99ff52278e674d0603f6915e6f574b436807a5eae0ea0857dc22640d7,How do you install a new wiper blade on your car?,slide the new wiper blade into the wiper arm holder from the bottom end
602abaf99ff52278e674d0603f6915e6f574b436807a5eae0ea0857dc22640d7,How do you install a new wiper blade on your 2003 Toyota Sienna?,slide the new wiper blade into the wiper arm holder from the bottom end
602abaf99ff52278e674d0603f6915e6f574b436807a5eae0ea0857dc22640d7,How do you install a new wiper blade on your 2003 Toyota Corolla?,slide the new wiper blade into the wiper arm holder from the bottom end
fce2e5f319bac15abe4feee0e19abd366510f604ad0dee8407dc444602330fd7,Procedure for Replacing the Rear Wiper Blade Rubber and FragglesX700CRV 2026 15,
fce2e5f319bac15abe4feee0e19abd366510f604ad0dee8407dc444602330fd7,Procedure for Replacing the Rear Wiper Blade Rubber,lift the rear wiper arm : lift the rear wiper arm to access the blade
fce2e5f319bac15abe4feee0e19abd366510f604ad0dee8407dc444602330fd7,Procedure for Replacing Rear Wiper Blade Rubber and FragglesX700CRV 2026 15,procedure for replacing the rear wiper blade rubber
fce2e5f319bac15abe4feee0e19abd366510f604ad0dee8407dc444602330fd7,"Procedure for Replacing the Rear Wiper Blade Rubber, FragglesX700CRV 2026 15",lift the rear wiper arm : lift the rear wiper arm to access the blade
fce2e5f319bac15abe4feee0e19abd366510f604ad0dee8407dc444602330fd7,Procedure for Replacing the Rear Wiper Blade Rubber and FraggleX700CRV 2026 15,
665b1c98b46720a83f228c77c908ce63ade3919e3d5cadc0913d2b5c2c652202,How to replace front wiper blades,lift the wiper arms : start by lifting the driver
665b1c98b46720a83f228c77c908ce63ade3919e3d5cadc0913d2b5c2c652202,Procedure for replacing front wiper blades,lift the wiper arms : start by lifting the driver
665b1c98b46720a83f228c77c908ce63ade3919e3d5cadc0913d2b5c2c652202,How do you replace the front wiper blades on a 2003 Chevy Silverado?,lift the wiper arms
665b1c98b46720a83f228c77c908ce63ade3919e3d5cadc0913d2b5c2c652202,How to replace the front wiper blades,lift the wiper arms : start by lifting the driver
665b1c98b46720a83f228c77c908ce63ade3919e3d5cadc0913d2b5c2c652202,How do you replace the front wiper blades on a 2003 Toyota Corolla?,lift the wiper arms
f2b00a7f0a96a42ab57a1ac1c39432ceda0eb104fd06efa2a642a61cd81404c5,What is the importance of a tire inspection?,safe driving
f2b00a7f0a96a42ab57a1ac1c39432ceda0eb104fd06efa2a642a61cd81404c5,What are the benefits of a tire inspection?,"optimal handling , fuel [UNK] , and comfort"
f2b00a7f0a96a42ab57a1ac1c39432ceda0eb104fd06efa2a642a61cd81404c5,What is the importance of inspected tires?,safe driving
f2b00a7f0a96a42ab57a1ac1c39432ceda0eb104fd06efa2a642a61cd81404c5,What are the benefits of inspected tires?,"optimal handling , fuel [UNK] , and comfort"
f2b00a7f0a96a42ab57a1ac1c39432ceda0eb104fd06efa2a642a61cd81404c5,What is the importance of tire inspection?,safe driving
84c180be307206eccbfdcdfda6824b5c189ec5b91683d5c5a122156029e2ff0b,Procedure for Checking Tire Pressure,use a tire gauge
84c180be307206eccbfdcdfda6824b5c189ec5b91683d5c5a122156029e2ff0b,Procedure for Checking Tire Pressure and Inflation,check when tires are cold
84c180be307206eccbfdcdfda6824b5c189ec5b91683d5c5a122156029e2ff0b,Procedure for Checking Tire Pressure and Inflation Guidelines,check when tires are cold
84c180be307206eccbfdcdfda6824b5c189ec5b91683d5c5a122156029e2ff0b,Procedure for checking tire pressure,use a tire gauge
84c180be307206eccbfdcdfda6824b5c189ec5b91683d5c5a122156029e2ff0b,Checking Tire Pressure and Inflation Guidelines,
d39f99224e8bbbc9d40a4ec5d112c986fd2100052952515096a74022f0ff3c3a,What to check before driving a car?,spare tire
d39f99224e8bbbc9d40a4ec5d112c986fd2100052952515096a74022f0ff3c3a,What to check before driving a car,check the spare tire
d39f99224e8bbbc9d40a4ec5d112c986fd2100052952515096a74022f0ff3c3a,Checking Tires and Inspection Guidelines,inspection guidelines : 1 . check for tire damage
d39f99224e8bbbc9d40a4ec5d112c986fd2100052952515096a74022f0ff3c3a,Checking Tires Before Driving,[SEP]
d39f99224e8bbbc9d40a4ec5d112c986fd2100052952515096a74022f0ff3c3a,Checking Tires and Tire Inspections,tire damage
200c2697cf00cbf66df6a65c2cc1be1c905c2d8657ad10232a319633f7c62cf5,FragglesX700CRV 2026 16 Wiper Blade Installation,install the new wiper blade
200c2697cf00cbf66df6a65c2cc1be1c905c2d8657ad10232a319633f7c62cf5,FragglesX700CRV 2026 16 Wiper Installation,5 . install the new wiper blade
200c2697cf00cbf66df6a65c2cc1be1c905c2d8657ad10232a319633f7c62cf5,FragglesX700CRV 2026 16 Wiper Replacement,5 . install the new wiper blade
200c2697cf00cbf66df6a65c2cc1be1c905c2d8657ad10232a319633f7c62cf5,FragglesX700CRV 2026 16 Wiper Blade Install,install the new wiper blade
200c2697cf00cbf66df6a65c2cc1be1c905c2d8657ad10232a319633f7c62cf5,FragglesX700CRV 2026 16 - Wiper Blade Installation,
37081af29714d3763e3dd3d2afb6f57dd0ac0bd0aa6befb2c67577fb0e2592d9,Tire Pressure Changes When Hot and Vibrations While Driving,[CLS] tire pressure changes when hot and vibrations while driving [SEP]
37081af29714d3763e3dd3d2afb6f57dd0ac0bd0aa6befb2c67577fb0e2592d9,"Tire Pressure Changes When Hot, Vibrations While Driving",[SEP]
37081af29714d3763e3dd3d2afb6f57dd0ac0bd0aa6befb2c67577fb0e2592d9,"Tire Pressure Changes When Hot, Vibrations While Driving, and Key Tire Markings",[SEP]
37081af29714d3763e3dd3d2afb6f57dd0ac0bd0aa6befb2c67577fb0e2592d9,"Tire Pressure Changes When Hot, Vibrations While Driving, and Tire and Loading Information Label",
37081af29714d3763e3dd3d2afb6f57dd0ac0bd0aa6befb2c67577fb0e2592d9,"Tire Pressure Changes When Hot, Vibrations While Driving, and Tire and Loading Information Labels",
857749bde6494c9b2aabfdb9985b57b5136ba665af99ec6aa55a5455d0b196ab,"Tire Sizes and Recommended Cold Tire Pressures for the Front, Rear, and Spare Tires",
857749bde6494c9b2aabfdb9985b57b5136ba665af99ec6aa55a5455d0b196ab,"Tire Sizes and Recommended Cold Tire Pressures for Front, Rear, and Spare Tires",
857749bde6494c9b2aabfdb9985b57b5136ba665af99ec6aa55a5455d0b196ab,"Tire Sizes & Recommended Cold Tire Pressures for the Front, Rear, and Spare Tires",
857749bde6494c9b2aabfdb9985b57b5136ba665af99ec6aa55a5455d0b196ab,"Tire Sizes and Recommended Cold Tire Pressures for the Front, Rear, and Spare Tires.",o d
857749bde6494c9b2aabfdb9985b57b5136ba665af99ec6aa55a5455d0b196ab,Tire Sizes and Recommended Cold Tire Pressures,
c283bbae3b58ca138688ac9a0bcc424b72662d5f8f371227e21c86147ca47db1,Tire Identification Number (TIN),a unique code stamped on the sidewall of the tire
c283bbae3b58ca138688ac9a0bcc424b72662d5f8f371227e21c86147ca47db1,Tire Identification Numbers (TIN),a unique code stamped on the sidewall of the tire
c283bbae3b58ca138688ac9a0bcc424b72662d5f8f371227e21c86147ca47db1,What do these tire numbers mean?,higher numbers indicate higher load capacities
c283bbae3b58ca138688ac9a0bcc424b72662d5f8f371227e21c86147ca47db1,Tire Identification Numbers,tire identiﬁcation number
c283bbae3b58ca138688ac9a0bcc424b72662d5f8f371227e21c86147ca47db1,Tire Identification Number (TIN) Questions,a unique code stamped on the sidewall of the tire
141207331b9d64ba1ef0fab310793560f541e4749026f3cf4cb974a73ae85aba,What does the TIN number mean on a tire?,2518 means the tire was manufactured in the 25th week of 2018
141207331b9d64ba1ef0fab310793560f541e4749026f3cf4cb974a73ae85aba,What does the TIN stand for on a tire?,. • the tin typically includes a manufacturing date
141207331b9d64ba1ef0fab310793560f541e4749026f3cf4cb974a73ae85aba,What is the meaning of the TIN number on a tire?,2518 means the tire was manufactured in the 25th week of 2018
141207331b9d64ba1ef0fab310793560f541e4749026f3cf4cb974a73ae85aba,What does the TIN stand for in a tire?,. • the tin typically includes a manufacturing date
141207331b9d64ba1ef0fab310793560f541e4749026f3cf4cb974a73ae85aba,What does the TIN number mean in a tire?,2518 means the tire was manufactured in the 25th week of 2018
79a00c762f4d62c0da389d7585b2ff48344e5ae29363409b84c5300bb135b119,What are the main components of a tire?,
79a00c762f4d62c0da389d7585b2ff48344e5ae29363409b84c5300bb135b119,What is a tire load rating?,maximum load rating
79a00c762f4d62c0da389d7585b2ff48344e5ae29363409b84c5300bb135b119,What are the main components of a tire and how do they work?,
79a00c762f4d62c0da389d7585b2ff48344e5ae29363409b84c5300bb135b119,What are the main components of a tire's load rating?,inﬂated to its maximum permissible pressure
79a00c762f4d62c0da389d7585b2ff48344e5ae29363409b84c5300bb135b119,What are the different types of tire pressures?,
5cd8424ef2cb1477c3f3e3763fb6416ebd6eb627fb7422aceb5327a6a20f27e9,"World performance can vary based on factors such as driving habits, road conditions, and climate.",
5cd8424ef2cb1477c3f3e3763fb6416ebd6eb627fb7422aceb5327a6a20f27e9,"World performance can vary based on factors such as driving habits, road conditions, and climate","world performance can vary based on factors such as driving habits , road conditions , and climate"
5cd8424ef2cb1477c3f3e3763fb6416ebd6eb627fb7422aceb5327a6a20f27e9,"World performance can vary based on factors such as driving habits, road conditions, and climate. o example:",
5cd8424ef2cb1477c3f3e3763fb6416ebd6eb627fb7422aceb5327a6a20f27e9,"World performance can vary based on factors such as driving habits, road conditions, and climate. o Example:  Treadwear 200",
5cd8424ef2cb1477c3f3e3763fb6416ebd6eb627fb7422aceb5327a6a20f27e9,"World performance can vary based on factors such as driving habits, road conditions, and climate. o Example:",
05510e66b516efbd152c83ad88ac1b2a499a6554919e49a8cf2e3ab20497dfbd,"Tire Service Life, Temperature Ratings, and Wear Indicators",wear indicators
05510e66b516efbd152c83ad88ac1b2a499a6554919e49a8cf2e3ab20497dfbd,"Tire Service Life, Temperature Ratings and Wear Indicators",wear indicators
05510e66b516efbd152c83ad88ac1b2a499a6554919e49a8cf2e3ab20497dfbd,Tire Service Life and Temperature Ratings,"temperature ratings temperature ratings are critical for ensuring that your tires perform safely at higher speeds , especially in hot conditions . tires are rated as a , b , or c based on their heat dissipation capability : • a : the tire provides the best resistance to heat buildup and is ideal for high - speed driving . • b : suitable for moderate temperatures . • c : the minimum performance level required by federal safety standards . wear indicators the wear indicator is a raised bar or ridge located within the tire ' s tread grooves . the wear indicator becomes visible when the tire tread wears down to 1 / 16 inch ( 1 . 6 mm ) . once visible , it indicates that the tire ' s tread is worn out and it should be replaced immediately for safe driving . tire service life tire life is inﬂuenced by several factors , including driving habits , road conditions , vehicle load , inﬂation pressure , and maintenance practices ."
05510e66b516efbd152c83ad88ac1b2a499a6554919e49a8cf2e3ab20497dfbd,"Tire Service Life, Temperature Ratings, Wear Indicators",
05510e66b516efbd152c83ad88ac1b2a499a6554919e49a8cf2e3ab20497dfbd,Tire Service Life and Wear Indicators,wear indicators
f5f0d8e62c6ecab25be1401b934616b9be99f4b07d009f1a52b256c8049cec54,Tire Performance Grades: Treadwear Grade,
f5f0d8e62c6ecab25be1401b934616b9be99f4b07d009f1a52b256c8049cec54,Tire Performance Grades (Treadwear Grade),this grade measures how well the tire wears in controlled testing conditions
f5f0d8e62c6ecab25be1401b934616b9be99f4b07d009f1a52b256c8049cec54,Tire Performance Grades,treadwear grade
f5f0d8e62c6ecab25be1401b934616b9be99f4b07d009f1a52b256c8049cec54,Tire Performance Grades - Treadwear Grade,
f5f0d8e62c6ecab25be1401b934616b9be99f4b07d009f1a52b256c8049cec54,Tire Performance Grades (Treadwear),treadwear grade : this grade measures how well the tire wears in controlled testing conditions
42eaf6d2c5e80cb416e2b5efe15512555e7c3391d83a35a19aee61f34802a8e2,What should I know before replacing my tires?,consult the tire and loading label on the vehicle for the correct speciﬁcations
42eaf6d2c5e80cb416e2b5efe15512555e7c3391d83a35a19aee61f34802a8e2,What should I know before replacing tires?,consult the tire and loading label on the vehicle for the correct speciﬁcations
42eaf6d2c5e80cb416e2b5efe15512555e7c3391d83a35a19aee61f34802a8e2,What to do when replacing tires,always consult the tire and loading label on the vehicle for the correct speciﬁcations before replacing tires
42eaf6d2c5e80cb416e2b5efe15512555e7c3391d83a35a19aee61f34802a8e2,What to know when replacing tires,always consult the tire and loading label on the vehicle for the correct speciﬁcations before replacing tires
42eaf6d2c5e80cb416e2b5efe15512555e7c3391d83a35a19aee61f34802a8e2,What to do when replacing tires?,always consult the tire and loading label on the vehicle for the correct speciﬁcations
14bc8c79e5a97aa4fb3e694ac2f23630d1e8b5d84d7d6a292659a0c7fdd0e725,Tire Rotation Procedure and Interval,.
14bc8c79e5a97aa4fb3e694ac2f23630d1e8b5d84d7d6a292659a0c7fdd0e725,How often should you rotate your tires?,"every 6 , 000 to 8 , 000 miles"
14bc8c79e5a97aa4fb3e694ac2f23630d1e8b5d84d7d6a292659a0c7fdd0e725,Tire Rotation Procedures and Intervals,.
14bc8c79e5a97aa4fb3e694ac2f23630d1e8b5d84d7d6a292659a0c7fdd0e725,Tire Rotation and Tire and Wheel Replacement,[SEP]
14bc8c79e5a97aa4fb3e694ac2f23630d1e8b5d84d7d6a292659a0c7fdd0e725,How often should you rotate your tires and wheel?,"every 6 , 000 to 8 , 000 miles"
9c4117fe8a95b3ffd02655c37e9285cb04b32096e1c80bcdc65995422955b838,Winter Tire Guidelines and Tire Chains,[CLS]
9c4117fe8a95b3ffd02655c37e9285cb04b32096e1c80bcdc65995422955b838,Winter Tire Guidelines and Chains,tire chains
9c4117fe8a95b3ffd02655c37e9285cb04b32096e1c80bcdc65995422955b838,Winter Tire Guidelines & Chains,tire chains
9c4117fe8a95b3ffd02655c37e9285cb04b32096e1c80bcdc65995422955b838,Winter Tires and Chains,[CLS]
9c4117fe8a95b3ffd02655c37e9285cb04b32096e1c80bcdc65995422955b838,"Winter Tire Guidelines, Tire Chains, and Other Questions",
657c75f769d0dcfbe3e6c4c65e0cc9252d02a4d5603e978b5dd2f15a68f81d47,FragglesX700CRV 2026 21 Winter Tires,[SEP]
657c75f769d0dcfbe3e6c4c65e0cc9252d02a4d5603e978b5dd2f15a68f81d47,FragglesX700CRV 2026 21 Winter Tires and Checking the Battery,[SEP]
657c75f769d0dcfbe3e6c4c65e0cc9252d02a4d5603e978b5dd2f15a68f81d47,Winter Tires for FragglesX700CRV 2026 21,[SEP]
657c75f769d0dcfbe3e6c4c65e0cc9252d02a4d5603e978b5dd2f15a68f81d47,FragglesX700CRV 2026 Winter Tires,[SEP]
657c75f769d0dcfbe3e6c4c65e0cc9252d02a4d5603e978b5dd2f15a68f81d47,FragglesX700CRV 2026 21 Winter Tires and Battery,[SEP]
152221a4173af7fc533fdd46ffd887b0141ec4b75f33495aa4e3c04b60b70821,Honda Civic Button Battery Maintenance and Replacing,"replacing the button battery if your key fob or transmitter stops working , or the indicator no longer lights when pressing the button , the button battery may need to be replaced"
152221a4173af7fc533fdd46ffd887b0141ec4b75f33495aa4e3c04b60b70821,Honda Civic Button Battery Maintenance,[CLS] honda civic button battery maintenance [SEP]
152221a4173af7fc533fdd46ffd887b0141ec4b75f33495aa4e3c04b60b70821,Honda Civic Button Battery Maintenance and Replacing Procedures,[SEP]
152221a4173af7fc533fdd46ffd887b0141ec4b75f33495aa4e3c04b60b70821,Honda Civic Button Battery Maintenance and Replacment,[SEP]
152221a4173af7fc533fdd46ffd887b0141ec4b75f33495aa4e3c04b60b70821,Honda Civic Button Battery Maintenance and Replacing Procedure,[SEP]
6ad9503b91e0cf33f7896eace641d729274e0c0136aa849a6c864117f8575456,How to replace a battery in your car,new replacement batteries are available through your dealer or commercial suppliers
6ad9503b91e0cf33f7896eace641d729274e0c0136aa849a6c864117f8575456,How to replace a car battery,new replacement batteries are available through your dealer or commercial suppliers
6ad9503b91e0cf33f7896eace641d729274e0c0136aa849a6c864117f8575456,How to replace the battery in a Honda Civic,new replacement batteries are available through your dealer or commercial suppliers
6ad9503b91e0cf33f7896eace641d729274e0c0136aa849a6c864117f8575456,How to replace the battery in your car,new replacement batteries are available through your dealer or commercial suppliers
6ad9503b91e0cf33f7896eace641d729274e0c0136aa849a6c864117f8575456,How to replace the battery in a Honda Accord,new replacement batteries are available through your dealer or commercial suppliers
46f2ef8ff333b99eb090e2169344fb4c4af21b3fbb4fe8a99af4a533ab0efe6d,FragglesX700CRV 2026 22 ability to function properly and may affect vehicle performance. It’s important to clean any corrosion regularly to maintain the health of the battery and electrical system. Charging the Battery,
46f2ef8ff333b99eb090e2169344fb4c4af21b3fbb4fe8a99af4a533ab0efe6d,FragglesX700CRV 2026 22 ability to function properly and may affect vehicle performance. It’s important to clean any corrosion regularly to maintain the health of the battery and electrical system,ability to function properly and may [UNK] vehicle performance
46f2ef8ff333b99eb090e2169344fb4c4af21b3fbb4fe8a99af4a533ab0efe6d,FragglesX700CRV 2026 22 ability to function properly and may affect vehicle performance.,may [UNK] vehicle performance
46f2ef8ff333b99eb090e2169344fb4c4af21b3fbb4fe8a99af4a533ab0efe6d,FragglesX700CRV 2026 22 ability to function properly and may affect vehicle performance. It's important to clean any corrosion regularly to maintain the health of the battery and electrical system. Charging the Battery,
46f2ef8ff333b99eb090e2169344fb4c4af21b3fbb4fe8a99af4a533ab0efe6d,FragglesX700CRV 2026 22 ability to function properly and may affect vehicle performance. It's important to clean any corrosion regularly to maintain the health of the battery and electrical system,ability to function properly and may [UNK] vehicle performance
801104b6077f64be6caaeaabb3e3ae5642d2679ff4261387ecb71e2b9227986b,How to Replace a Flat Tire,here ' s how to replace the ﬂat with your compact spare tire
801104b6077f64be6caaeaabb3e3ae5642d2679ff4261387ecb71e2b9227986b,How to replace a flat tire,here ' s how to replace the ﬂat with your compact spare tire
801104b6077f64be6caaeaabb3e3ae5642d2679ff4261387ecb71e2b9227986b,Steps to Replace a Flat Tire,"steps to replace a flat tire if you experience a ﬂat tire while driving , remain calm . here ' s how to replace the ﬂat with your compact spare tire : 1 . park the vehicle"
801104b6077f64be6caaeaabb3e3ae5642d2679ff4261387ecb71e2b9227986b,How to replace a flat tire in your car,
801104b6077f64be6caaeaabb3e3ae5642d2679ff4261387ecb71e2b9227986b,How to replace a flat tire and how to fix it,here ' s how to replace the ﬂat with your compact spare tire
d6acd6955c2133453b17c7172f532a52bcfba58d70dfca737c712cd178409298,Preparing to Replace the Flat Tire 1,[SEP]
d6acd6955c2133453b17c7172f532a52bcfba58d70dfca737c712cd178409298,Preparing to Replace the Flat Tire,[SEP]
d6acd6955c2133453b17c7172f532a52bcfba58d70dfca737c712cd178409298,Preparing to replace the flat tire 1,[SEP]
d6acd6955c2133453b17c7172f532a52bcfba58d70dfca737c712cd178409298,Preparing to Replace the Flat Tire 1.,[SEP]
d6acd6955c2133453b17c7172f532a52bcfba58d70dfca737c712cd178409298,Preparing to Replace the Flat Tire 1. Important Notices,[SEP]
116c1efc9f29525ad693755b0a3e930778af70e82332eb1f7b49313fa95de89c,FragglesX700CRV 2026 23,"every 15 , 000 to 30 , 000 miles"
116c1efc9f29525ad693755b0a3e930778af70e82332eb1f7b49313fa95de89c,FragglesX700CRV 2026 23 - How often should you change the air filter?,"every 15 , 000 to 30 , 000 miles"
116c1efc9f29525ad693755b0a3e930778af70e82332eb1f7b49313fa95de89c,FragglesX700CRV 2026 23 - How often should you change the filter?,"every 15 , 000 to 30 , 000 miles"
116c1efc9f29525ad693755b0a3e930778af70e82332eb1f7b49313fa95de89c,FragglesX700CRV 2026 23 - How often should you replace the air filter?,"every 15 , 000 to 30 , 000 miles"
116c1efc9f29525ad693755b0a3e930778af70e82332eb1f7b49313fa95de89c,FragglesX700CRV 2026 23 - How often should you replace the filter?,"every 15 , 000 to 30 , 000 miles"
6ff8f238b72a8b8f1462ec6bdb64e87d887d3e32340087d03f9c8764cd194274,How do you remove the spare tire from a FragglesX700CRV 2026 24?,remove the jack from the spare tire compartment
6ff8f238b72a8b8f1462ec6bdb64e87d887d3e32340087d03f9c8764cd194274,How do you remove the spare tire from a FragglesX700CRV?,unscrew the wing bolt and remove the spacer cone
6ff8f238b72a8b8f1462ec6bdb64e87d887d3e32340087d03f9c8764cd194274,FragglesX700CRV 2026 24 how to remove the jack from the spare tire compartment,4
6ff8f238b72a8b8f1462ec6bdb64e87d887d3e32340087d03f9c8764cd194274,FragglesX700CRV 2026 24 How to remove the jack from the spare tire compartment,4
6ff8f238b72a8b8f1462ec6bdb64e87d887d3e32340087d03f9c8764cd194274,FragglesX700CRV 2026 24 - How to remove the jack from the spare tire compartment,4
30e99f5d467bdb92e74c0a8f8dfb8c66181a26e96f601870fb308f3b1b4d41aa,How to set up a flat tire jack,replacing the flat tire
30e99f5d467bdb92e74c0a8f8dfb8c66181a26e96f601870fb308f3b1b4d41aa,How to set up a flat tire jack?,position the jack under the jacking point nearest to the ﬂat tire
30e99f5d467bdb92e74c0a8f8dfb8c66181a26e96f601870fb308f3b1b4d41aa,How to install a flat tire jack,
30e99f5d467bdb92e74c0a8f8dfb8c66181a26e96f601870fb308f3b1b4d41aa,How to set up a flat tire jack and how to replace it,replacing the flat tire
30e99f5d467bdb92e74c0a8f8dfb8c66181a26e96f601870fb308f3b1b4d41aa,How to install a flat tire jack?,position the jack under the jacking point nearest to the ﬂat tire
6349701dac03db03639fedd385c952e272591a6ee8ebb8be17d476ca720ad412,How do you install a compact spare tire?,onto the wheel hub
6349701dac03db03639fedd385c952e272591a6ee8ebb8be17d476ca720ad412,How do I install a compact spare tire on my 2001 Toyota Corolla?,onto the wheel hub
6349701dac03db03639fedd385c952e272591a6ee8ebb8be17d476ca720ad412,How do I install a compact spare tire on my 2001 Toyota Tacoma?,onto the wheel hub
6349701dac03db03639fedd385c952e272591a6ee8ebb8be17d476ca720ad412,How do I install a compact spare tire on my honda accord?,onto the wheel hub
6349701dac03db03639fedd385c952e272591a6ee8ebb8be17d476ca720ad412,How do I install a compact spare tire on my honda civic?,onto the wheel hub
584bafe1be9f8520d107209c7519018228329e00859bf76034592da60fb07319,Tightening the wheel nuts securely in the correct order (as shown in vehicle manual or marked diagram) and Storing the Flat Tire,
584bafe1be9f8520d107209c7519018228329e00859bf76034592da60fb07319,Tighten wheel nuts securely in the correct order (as shown in vehicle manual or marked diagram),tighten the wheel nuts securely in the correct order
584bafe1be9f8520d107209c7519018228329e00859bf76034592da60fb07319,Tightening the wheel nuts securely in the correct order (as shown in vehicle manual or marked diagram),tighten the wheel nuts securely in the correct order
584bafe1be9f8520d107209c7519018228329e00859bf76034592da60fb07319,Tightening the wheel nuts securely in the correct order (as shown in a vehicle manual or marked diagram),
584bafe1be9f8520d107209c7519018228329e00859bf76034592da60fb07319,Tighten wheel nuts securely in the correct order (as shown in vehicle manual or marked diagram) and Storing the Flat Tire,
f3e8c9cdc2743b011887c62762aab5d93b89adc2b206a89af78d79baa19bc320,How do you store the wheel nut wrench and jack handle bar in the tool bag?,"store the wheel nut wrench and jack handle bar back in the tool bag , and place the bag in the cargo area"
f3e8c9cdc2743b011887c62762aab5d93b89adc2b206a89af78d79baa19bc320,How do you store the wheel nut wrench and jack handlebar in the tool bag?,"store the wheel nut wrench and jack handle bar back in the tool bag , and place the bag in the cargo area"
f3e8c9cdc2743b011887c62762aab5d93b89adc2b206a89af78d79baa19bc320,How do you store the wheel nut wrench and jack handle bar?,back in the tool bag
f3e8c9cdc2743b011887c62762aab5d93b89adc2b206a89af78d79baa19bc320,How do you store a wheel nut wrench and jack handle bar?,back in the tool bag
f3e8c9cdc2743b011887c62762aab5d93b89adc2b206a89af78d79baa19bc320,How do you store a wheel nut wrench and jack handlebar?,back in the tool bag
1b0dac5f9b215b9d467f7aecc227ade858795bb0299136d9366725fb9e7dc54e,Why does the TPMS indicator turn off after a short drive?,low tire pressure
1b0dac5f9b215b9d467f7aecc227ade858795bb0299136d9366725fb9e7dc54e,Tire pressure and TPMS indicator turn off after a short drive,"if you replace the ﬂat with a regular tire ( i . e . , a full - size , properly inﬂated tire ) , both the low tire pressure and tpms indicators will turn [UNK]"
1b0dac5f9b215b9d467f7aecc227ade858795bb0299136d9366725fb9e7dc54e,Tire pressure and TPMS indicators turn off after a short drive,"if you replace the ﬂat with a regular tire ( i . e . , a full - size , properly inﬂated tire ) , both the low tire pressure and tpms indicators will turn [UNK]"
1b0dac5f9b215b9d467f7aecc227ade858795bb0299136d9366725fb9e7dc54e,TPMS indicator turns off after a short drive,"if you replace the ﬂat with a regular tire ( i . e . , a full - size , properly inﬂated tire ) , both the low tire pressure and tpms indicators will turn [UNK]"
1b0dac5f9b215b9d467f7aecc227ade858795bb0299136d9366725fb9e7dc54e,Tire pressure and TPMS indicator turn off after short drive,"if you replace the ﬂat with a regular tire ( i . e . , a full - size , properly inﬂated tire ) , both the low tire pressure and tpms indicators will turn [UNK] after a short drive ( typically within a few minutes of driving"
2c766318590010aeded62c73c5c1ae2c1e6b79980e009265f0e8102a3027eac5,What to Do if the TPMS Light Remains On After Replacing a Flat Tire,it may indicate an issue with the tpms system itself
2c766318590010aeded62c73c5c1ae2c1e6b79980e009265f0e8102a3027eac5,What to Do if the TPMS Light Remains On After Replacing a Flat Tire With A Full-Size Tire,it may indicate an issue with the tpms system itself
2c766318590010aeded62c73c5c1ae2c1e6b79980e009265f0e8102a3027eac5,What to Do if the TPMS Light Remains On,"it may indicate an issue with the tpms system itself . the sensors may need recalibration or replacement . if this occurs , visit your dealer for further diagnostics"
2c766318590010aeded62c73c5c1ae2c1e6b79980e009265f0e8102a3027eac5,What to Do if the TPMS Light Remains On After Replacing the Flat Tire,it may indicate an issue with the tpms system itself
2c766318590010aeded62c73c5c1ae2c1e6b79980e009265f0e8102a3027eac5,What to do if the TPMS light remains on after replacing a flat tire,it may indicate an issue with the tpms system itself
92f8b20c08796615e7ee5d308ffecc81ab9a439f8d4c5b9abacd2532957ddda6,FragglesX700CRV 2026 25 TPMS and the Spare Tire Understanding,[SEP]
92f8b20c08796615e7ee5d308ffecc81ab9a439f8d4c5b9abacd2532957ddda6,TPMS (Tire Pressure Monitoring System) and Spare Tire Usage,"when you replace a ﬂat tire with the spare , you may notice that the low tire pressure indicator on your dashboard lights up . this is because the system is detecting a tire with lower pressure than usual . however , after driving for a few miles ( kilometers ) , the low tire pressure indicator will turn [UNK] , and the tpms ( tire pressure monitoring system ) light will turn on instead ."
92f8b20c08796615e7ee5d308ffecc81ab9a439f8d4c5b9abacd2532957ddda6,TPMS (Tire Pressure Monitoring System) and Spare Tire Understanding,"when you replace a ﬂat tire with the spare , you may notice that the low tire pressure indicator on your dashboard lights up . this is because the system is detecting a tire with lower pressure than usual . however , after driving for a few miles ( kilometers ) , the low tire pressure indicator will turn [UNK] , and the tpms ( tire pressure monitoring system ) light will turn on instead ."
92f8b20c08796615e7ee5d308ffecc81ab9a439f8d4c5b9abacd2532957ddda6,FragglesX700CRV 2026 25 TPMS and Spare Tire Understanding,[SEP]
92f8b20c08796615e7ee5d308ffecc81ab9a439f8d4c5b9abacd2532957ddda6,TPMS and the Spare Tire Understanding,tpms ( tire pressure monitoring system ) and spare tire usage
c1e2efd5a37b64bd22173d85806018bdfcf730dc5647d7731e327e41bd280f95,How to Jump-Start Your Vehicle,connect the ﬁrst jumper cable to the positive ( + ) terminal of your vehicle ’ s dead battery
c1e2efd5a37b64bd22173d85806018bdfcf730dc5647d7731e327e41bd280f95,How do you jump start your vehicle?,connect the ﬁrst jumper cable to the positive ( + ) terminal of your vehicle ’ s dead battery
c1e2efd5a37b64bd22173d85806018bdfcf730dc5647d7731e327e41bd280f95,How do you jump start a vehicle?,connect the ﬁrst jumper cable to the positive ( + ) terminal of your vehicle ’ s dead battery
c1e2efd5a37b64bd22173d85806018bdfcf730dc5647d7731e327e41bd280f95,How do you jump start a car?,connect the ﬁrst jumper cable to the positive ( + ) terminal of your vehicle ’ s dead battery
c1e2efd5a37b64bd22173d85806018bdfcf730dc5647d7731e327e41bd280f95,How do you jump start a vehicle with dead battery?,connect the ﬁrst jumper cable
f4480ef6d597b6133f233a9a9e53104a699f578c87b658598b645b62cc080260,How do you connect a jumper cable to an assisting vehicle?,grounding point
f4480ef6d597b6133f233a9a9e53104a699f578c87b658598b645b62cc080260,How do you connect a jumper cable to an assisting vehicle's battery?,grounding point
f4480ef6d597b6133f233a9a9e53104a699f578c87b658598b645b62cc080260,How do you connect a jumper cable to an assist vehicle?,grounding point
f4480ef6d597b6133f233a9a9e53104a699f578c87b658598b645b62cc080260,How do you connect a jumper cable to an assisting vehicle’s battery?,grounding point
f4480ef6d597b6133f233a9a9e53104a699f578c87b658598b645b62cc080260,How do you connect a jumper cable to your vehicle?,grounding point
cd3443ab90a8ce7268b753c6b614a5fc868055d1aa00b1c85b4e9b366ab466c7,How to safely disconnect jumper cables after a jump start,disconnect the jumper cable from your vehicle ’ s ground ( negative ) connection
cd3443ab90a8ce7268b753c6b614a5fc868055d1aa00b1c85b4e9b366ab466c7,How to safely disconnect jumper cables after engine starts,disconnect the jumper cable from your vehicle ’ s ground ( negative ) connection
cd3443ab90a8ce7268b753c6b614a5fc868055d1aa00b1c85b4e9b366ab466c7,How to safely disconnect jumper cables after a jump-start,disconnect the jumper cable from your vehicle ’ s ground ( negative ) connection
cd3443ab90a8ce7268b753c6b614a5fc868055d1aa00b1c85b4e9b366ab466c7,What to do after a jump-start engine starts,follow these steps to safely disconnect the jumper cables
cd3443ab90a8ce7268b753c6b614a5fc868055d1aa00b1c85b4e9b366ab466c7,What to Do After Jump-Start Engine Starts,follow these steps to safely disconnect the jumper cables
fcf1c83dc48c926337e44ae857ac1a5b5a663bae9845033e8e7a40c1c52aa833,What to do after a jump-start,
fcf1c83dc48c926337e44ae857ac1a5b5a663bae9845033e8e7a40c1c52aa833,What to do after a jump-start?,have your vehicle ’ s battery and electrical system checked by a professional
fcf1c83dc48c926337e44ae857ac1a5b5a663bae9845033e8e7a40c1c52aa833,What to do after a jump start,
fcf1c83dc48c926337e44ae857ac1a5b5a663bae9845033e8e7a40c1c52aa833,What to do after a jump start?,"battery inspection : after a jump - start , you should have your vehicle ’ s battery and electrical system checked by a professional"
fcf1c83dc48c926337e44ae857ac1a5b5a663bae9845033e8e7a40c1c52aa833,What to check after a jump-start,
f59fd46610dcf28324e24b7ec97a8e5c56a52ab0b0c06a3aaa4fc0efa066879a,How do you unlock the shift lock on a 2001 Toyota Corolla?,press the key down while simultaneously pressing the shift lever release button
f59fd46610dcf28324e24b7ec97a8e5c56a52ab0b0c06a3aaa4fc0efa066879a,How do you unlock the shift lock on a 2013 Toyota Corolla?,press the key down while simultaneously pressing the shift lever release button
f59fd46610dcf28324e24b7ec97a8e5c56a52ab0b0c06a3aaa4fc0efa066879a,How do you unlock the shift lock on a 2003 Toyota Corolla?,press the key down while simultaneously pressing the shift lever release button
f59fd46610dcf28324e24b7ec97a8e5c56a52ab0b0c06a3aaa4fc0efa066879a,How do you unlock the shift lock on a 2001 Honda Civic?,press the key down while simultaneously pressing the shift lever release button
f59fd46610dcf28324e24b7ec97a8e5c56a52ab0b0c06a3aaa4fc0efa066879a,How do you unlock the shift lock on a 2013 Honda Civic?,press the key down while simultaneously pressing the shift lever release button
94ed166329c5616bb4d08b438f57bc25b01f774e017af21623a89f5a4f7f0672,Vehicle Maintenance: Shift Lock Issues,issues with the shift lock can cause problems when shifting between drive gears
94ed166329c5616bb4d08b438f57bc25b01f774e017af21623a89f5a4f7f0672,Vehicle Maintenance: Shift Lock Problems,issues with the shift lock can cause problems when shifting between drive gears
94ed166329c5616bb4d08b438f57bc25b01f774e017af21623a89f5a4f7f0672,Vehicle Maintenance: Shift Lock System Issues,"issues with the shift lock can cause problems when shifting between drive gears and could potentially result in safety hazards . additional tips for vehicle maintenance battery maintenance : • regularly check the condition of your vehicle ' s battery , especially if you ’ ve had to jump - start it . • clean battery terminals periodically to prevent corrosion . if corrosion is present , clean the terminals with a mixture of baking soda and water , rinse thoroughly , dry , and apply battery terminal grease to prevent future build - up . spare tire safety : • never drive at high speeds with a compact spare tire . compact spares are designed for emergency use and should be replaced with a full - size tire as soon as possible . • check the pressure of your compact spare tire at least once a month to ensure it ’ s ready for use in an emergency . jump starting precautions : • if your vehicle consistently has battery issues or is unable to hold a charge , it ’ s a good idea to have the battery tested or replaced . • never jump - start a vehicle if the battery is visibly cracked , leaking , or damaged . this can pose a serious ﬁre or explosion risk . . fragglesx700crv 2026 27 if you are unable to shift your vehicle out of the ( p ) park position , it could be due to an issue with the shift lever lock system"
94ed166329c5616bb4d08b438f57bc25b01f774e017af21623a89f5a4f7f0672,Shift Lock Issues - Vehicle Maintenance,issues with the shift lock can cause problems when shifting between drive gears
94ed166329c5616bb4d08b438f57bc25b01f774e017af21623a89f5a4f7f0672,Tips for Vehicle Maintenance,.
0ff8de2e58105356c87a5b1ef2f12442fee16bb2d133a1861245b589bb3fe282,How do I release the shift lock?,set the parking brake to ensure that the vehicle remains stationary . 2 . remove the key from the ignition
0ff8de2e58105356c87a5b1ef2f12442fee16bb2d133a1861245b589bb3fe282,How do you release the shift lock?,set the parking brake to ensure that the vehicle remains stationary . 2 . remove the key from the ignition
0ff8de2e58105356c87a5b1ef2f12442fee16bb2d133a1861245b589bb3fe282,How do you release a shift lock?,set the parking brake to ensure that the vehicle remains stationary . 2 . remove the key from the ignition
0ff8de2e58105356c87a5b1ef2f12442fee16bb2d133a1861245b589bb3fe282,How to release the Shift Lock?,set the parking brake to ensure that the vehicle remains stationary . 2 . remove the key from the ignition
0ff8de2e58105356c87a5b1ef2f12442fee16bb2d133a1861245b589bb3fe282,How to release the Shift Lock,set the parking brake to ensure that the vehicle remains stationary . 2 . remove the key from the ignition ( if applicable ) to prevent any accidental engine starts
